Segment,Avg_Prob,Median_Prob,Std_Prob,Count
0,0.15449311247148817,0.04,0.24700533743115105,230
1,0.14178257535943647,0.05,0.22620263533661078,251
2,0.1337159270870604,0.04,0.22130353368399178,430
3,0.13814769557466686,0.03672493654822335,0.23294850495331637,729
4,0.14128171824811875,0.04,0.23479037061141497,577
