Segment,Avg_Prob,Median_Prob,Std_Prob,Count
0,0.1328999109949134,0.04,0.21890057244933508,470
1,0.1553206510166647,0.05,0.23686708892926245,581
2,0.1494645156328894,0.05,0.23446916582838498,856
3,0.11327358279468645,0.03,0.1995694955635186,77
4,0.15785924029297432,0.05,0.24247765502916688,233
